"Qty";"Value";"Device";"Package";"Parts";"Description";"DESCRIPTION";"DIELECTRIC";"MF";"MPN";"PACKAGE";"PACKAGE-IN";"POPULARITY";"POWER";"TOLERANCE";"TP_SIGNAL_NAME";"VALUE";"VOLTAGE";
"1";"";"LEDCHIP-LED0603";"CHIP-LED0603";"LED1";"LED";"";"";"";"";"";"";"26";"";"";"";"";"";
"1";"10n";"10NF-0603-50V-5%";"C0603";"C1";"10nF capacitor";"Surface Mount Capacitor";"X7R";"Yageo";"CC0603JRX7R9BB103";"1606";"0603";"";"";"5%";"";"10n";"50V";
"1";"470R";"470OHM-0603-1/10W-1%";"R0603";"R1";"470Ω resistor";"Surface Mount Resistor";"";"Yageo";"RC0603FR-07470RL";"1608";"0603";"";"0.1W";"1%";"";"470R";"75V";
"1";"MEGA32U4-MU";"MEGA32U4-MU";"TQFN44_7MM";"U2";"ATmega32u4";"Microcontroller";"";"Atmel";"ATMEGA32U4-MU";"QFN-44";"";"";"";"";"";"";"";
"3";"PTR1B1,27";"PTR1B1,27";"B1,27";"GND, UDPI, VCC";"TEST PIN";"";"";"";"";"";"";"2";"";"";"";"";"";
"1";"TINY212";"TINY212";"SO8";"U1";"8-Bit Microcontroller";"8-Bit Microcontroller";"";"Atmel";"ATtiny212-SSNR";"SOIC-8";"";"";"";"";"";"";"";
